City_ID,City,Lat,Lng,Max Temp,Humidity,Cloudiness,Wind Speed,Country,Date
0,philadelphia,39.9523,-75.1638,9.94,55,75,6.69,US,1699757038
1,revda,56.801,59.9303,1.48,98,100,1.8,RU,1699757178
2,suileng,47.25,127.0833,-7.9,79,14,2.76,CN,1699757178
3,waitangi,-43.9535,-176.5597,14.34,77,0,0.89,NZ,1699757179
4,ilulissat,69.2167,-51.1,-6.99,49,75,8.23,GL,1699757180
5,colonia,50.9333,6.95,5.97,91,20,1.54,DE,1699756927
6,port-aux-francais,-49.35,70.2167,2.73,72,79,12.12,TF,1699757181
7,anadyr,64.75,177.4833,-3.72,79,75,10.0,RU,1699757182
8,blackmans bay,-43.0167,147.3167,15.29,55,92,6.53,AU,1699757182
9,whitehorse,60.7161,-135.0538,-0.57,93,75,2.06,CA,1699757037
10,albany,42.6001,-73.9662,2.23,67,4,0.89,US,1699756918
11,pathalgaon,22.5667,83.4667,23.46,50,0,1.06,IN,1699757184
12,bethel,41.3712,-73.414,5.27,70,0,1.54,US,1699757185
13,bentiu,9.2333,29.8333,23.52,76,89,1.77,SS,1699757186
14,ingeniero guillermo n. juarez,-23.9,-61.85,36.77,27,2,6.41,AR,1699757186
15,west island,-12.1568,96.8225,27.99,74,100,4.63,CC,1699757187
16,ancud,-41.8697,-73.8203,6.58,67,8,5.47,CL,1699757188
17,sihanoukville,10.6093,103.5296,29.97,74,40,4.63,KH,1699757188
18,adamstown,-25.066,-130.1015,22.89,81,4,4.85,PN,1699757189
19,lerwick,60.1545,-1.1494,8.65,58,99,2.78,GB,1699757190
20,villa gesell,-37.2639,-56.973,15.03,57,0,1.39,AR,1699757191
21,clarksburg,39.2807,-80.3445,5.19,87,0,2.57,US,1699757192
22,longyearbyen,78.2186,15.6401,-4.09,86,100,3.6,SJ,1699757193
23,sao joao da barra,-21.6403,-41.0511,23.62,89,1,6.46,BR,1699757193
24,brisas de zicatela,15.8369,-97.0419,28.29,57,0,0.0,MX,1699757194
25,levelland,33.5873,-102.378,7.88,73,31,4.23,US,1699757195
26,trenggalek,-8.05,111.7167,30.83,58,50,3.22,ID,1699757195
27,emerald,-23.5333,148.1667,31.3,35,88,3.41,AU,1699757196
28,new norfolk,-42.7826,147.0587,15.95,71,95,4.84,AU,1699757197
29,yanam,16.7333,82.2167,27.91,60,86,2.31,IN,1699757199
30,constantia,44.1833,28.65,8.38,65,1,14.42,RO,1699757046
31,mount pearl,47.5166,-52.7813,1.85,96,75,8.23,CA,1699757193
32,margaret river,-33.95,115.0667,22.39,45,93,3.38,AU,1699756998
33,daru,-9.0763,143.2092,27.51,66,48,4.79,PG,1699757201
34,port mathurin,-19.6833,63.4167,24.99,79,34,2.43,MU,1699757202
35,dudinka,69.4058,86.1778,-7.43,96,100,4.02,RU,1699757202
36,grytviken,-54.2811,-36.5092,2.68,93,68,0.49,GS,1699757203
37,bredasdorp,-34.5322,20.0403,14.53,66,91,2.33,ZA,1699757204
38,utrik,11.2278,169.8474,26.62,87,100,11.05,MH,1699757204
39,dunedin,-45.8742,170.5036,20.45,40,100,3.13,NZ,1699757205
40,papatowai,-46.5619,169.4708,19.26,50,71,3.58,NZ,1699757206
41,southside,33.9245,-86.0225,12.49,88,100,3.6,US,1699757207
42,ushuaia,-54.8,-68.3,2.81,70,0,4.12,AR,1699757207
43,jalai nur,49.45,117.7,-8.39,68,7,4.06,CN,1699757208
44,altai,46.3722,96.2583,-8.06,55,100,1.61,MN,1699757208
45,college,64.8569,-147.8028,-8.82,79,100,1.54,US,1699757209
46,puerto ayora,-0.7393,-90.3518,23.08,97,68,3.13,EC,1699757210
47,vorkuta,67.5,64.0,-4.27,96,100,4.94,RU,1699757210
48,olonkinbyen,70.9221,-8.7187,-1.51,83,99,6.95,SJ,1699757211
49,stanley,54.868,-1.6985,4.6,96,40,1.03,GB,1699757212
50,thompson,55.7435,-97.8558,1.09,80,100,4.63,CA,1699757212
51,st. john's,47.5649,-52.7093,2.31,96,75,8.23,CA,1699757048
52,arteaga,18.4667,-102.4167,18.45,94,66,1.28,MX,1699757214
53,shihezi,44.3,86.0333,4.06,80,97,2.25,CN,1699757214
54,kristiansund,63.1115,7.732,2.36,69,0,3.09,NO,1699757215
55,wailua homesteads,22.0669,-159.378,27.24,78,20,6.17,US,1699757216
56,port saint john's,-31.6229,29.5448,19.57,73,70,5.72,ZA,1699757217
57,atafu village,-8.5421,-172.5159,29.33,70,96,2.82,TK,1699757217
58,puerto natales,-51.7236,-72.4875,0.89,83,6,2.01,CL,1699757218
59,skhira,34.2992,10.07,12.82,58,12,3.0,TN,1699757218
60,nuevitas,21.5453,-77.2644,26.36,83,14,5.44,CU,1699757219
61,hawaiian paradise park,19.5933,-154.9731,25.73,84,100,6.69,US,1699757220
62,tvoroyri,61.5556,-6.8111,7.0,61,70,6.78,FO,1699757220
63,holualoa,19.6228,-155.9522,24.91,88,100,3.09,US,1699757221
64,lebu,-37.6167,-73.65,7.8,70,27,2.01,CL,1699757222
65,astorga,-23.2325,-51.6656,29.13,29,92,2.81,BR,1699757222
66,cannonvale,-20.2833,148.7,25.66,60,67,6.83,AU,1699757223
67,ust'-barguzin,53.45,108.9833,-6.38,85,71,1.89,RU,1699757224
68,singojuruh,-8.3167,114.2333,32.83,48,50,3.49,ID,1699757225
69,afaahiti,-17.75,-149.2833,28.93,81,5,4.69,PF,1699757225
70,invercargill,-46.4,168.35,21.12,51,54,7.15,NZ,1699757226
71,minas de marcona,-15.2119,-75.1103,14.43,89,78,5.77,PE,1699757227
72,iqaluit,63.7506,-68.5145,-16.15,77,20,6.17,CA,1699757227
73,praia da vitoria,38.7333,-27.0667,20.14,83,40,10.25,PT,1699757228
74,alice springs,-23.7,133.8833,33.75,22,75,5.66,AU,1699757229
75,villa hidalgo,21.6667,-102.6,16.43,76,96,1.5,MX,1699757230
76,mahajanga,-15.7167,46.3167,25.01,78,20,3.09,MG,1699757230
77,campos belos,-13.0367,-46.7717,28.05,32,100,1.48,BR,1699757231
78,otelu rosu,45.5333,22.3667,6.0,91,84,4.04,RO,1699757231
79,avarua,-21.2078,-159.775,22.03,83,100,4.12,CK,1699757232
80,sinabang,2.4803,96.3801,28.04,76,99,3.1,ID,1699757233
81,mil'kovo,55.6078,37.7956,4.12,90,100,6.48,RU,1699757234
82,badger,64.8,-147.5333,-8.86,79,100,1.54,US,1699757234
83,pakokku,21.3333,95.1,26.88,65,9,3.33,MM,1699757235
84,ribeira grande,38.5167,-28.7,19.87,94,100,8.49,PT,1699757236
85,hodos,46.8233,16.3342,3.48,84,1,0.84,SI,1699757237
86,ojinaga,29.5667,-104.4167,13.65,87,75,3.09,MX,1699757237
87,riohacha,11.5444,-72.9072,27.82,81,100,6.35,CO,1699757238
88,coquimbo,-29.9533,-71.3436,14.85,82,0,1.54,CL,1699756996
89,port elizabeth,-33.918,25.5701,17.16,88,20,9.77,ZA,1699757239
90,beledweyne,4.7358,45.2036,25.06,85,78,1.65,SO,1699757240
91,tommot,58.9564,126.2925,-6.98,91,100,6.21,RU,1699757241
92,edinburgh of the seven seas,-37.0676,-12.3116,14.3,83,3,6.84,SH,1699757242
93,itamaraca,-7.7478,-34.8256,27.03,76,19,3.38,BR,1699757242
94,arraial do cabo,-22.9661,-42.0278,23.28,89,53,8.88,BR,1699757243
95,balikpapan,-1.2675,116.8289,30.55,70,20,1.54,ID,1699757244
96,hamilton,39.1834,-84.5333,7.06,72,0,0.89,US,1699756852
97,nhamunda,-2.1861,-56.7131,27.61,62,48,1.78,BR,1699757245
98,bodaybo,57.8506,114.1933,-13.34,90,74,0.5,RU,1699757246
99,jamestown,42.097,-79.2353,3.77,81,100,2.06,US,1699756996
100,nuuk,64.1835,-51.7216,-5.66,73,40,4.63,GL,1699757247
101,akureyri,65.6835,-18.0878,-7.04,93,94,1.03,IS,1699757248
102,liwale,-9.7667,37.9333,21.36,95,72,1.14,TZ,1699757248
103,punta arenas,-53.15,-70.9167,3.06,60,0,4.12,CL,1699757249
104,okha,53.5739,142.9478,-6.25,90,100,10.53,RU,1699757250
105,chililabombwe,-12.3648,27.8229,17.4,87,94,1.31,ZM,1699757250
106,bontang,0.1333,117.5,28.68,74,100,1.25,ID,1699757251
107,meulaboh,4.1363,96.1285,27.56,81,100,2.07,ID,1699757252
108,haiku-pauwela,20.9219,-156.3051,27.01,57,20,9.77,US,1699757252
109,bandon,51.7469,-8.7425,9.77,93,100,7.18,IE,1699757253
110,al bayda',32.7627,21.7551,14.64,62,35,2.25,LY,1699757254
111,labasa,-16.4167,179.3833,24.94,92,100,3.38,FJ,1699757254
112,moranbah,-22.0016,148.0466,31.55,26,2,7.35,AU,1699757255
113,hermanus,-34.4187,19.2345,15.8,68,88,2.27,ZA,1699757255
114,kingston,17.997,-76.7936,28.53,79,75,3.6,JM,1699756524
115,gadzhiyevo,69.2551,33.3362,-7.53,97,95,2.33,RU,1699757257
116,lihue,21.9789,-159.3672,27.58,71,20,6.17,US,1699757241
117,bilibino,68.0546,166.4372,-27.33,98,18,2.23,RU,1699757258
118,saudarkrokur,65.7461,-19.6394,-0.88,62,100,2.71,IS,1699757258
119,cururupu,-1.8283,-44.8683,24.36,88,1,1.68,BR,1699757259
120,alzamay,55.5562,98.6644,-10.58,78,34,0.64,RU,1699757260
121,antsiranana,-12.2787,49.2917,26.05,81,51,6.48,MG,1699757262
122,bintulu,3.1667,113.0333,30.23,74,20,1.54,MY,1699757263
123,acapulco de juarez,16.8634,-99.8901,26.73,84,0,1.96,MX,1699757263
124,mandan,46.8267,-100.8896,1.64,86,75,6.69,US,1699757264
125,kindu,-2.95,25.95,20.9,99,100,1.03,CD,1699757265
126,nova vicosa,-17.8919,-39.3719,24.61,82,42,6.87,BR,1699757265
127,mhamid,29.82,-5.72,19.78,28,6,0.67,MA,1699757266
128,isafjordur,66.0755,-23.124,1.16,85,100,2.25,IS,1699757267
129,pangody,65.85,74.4859,-0.12,98,100,4.98,RU,1699757267
130,portland,45.5234,-122.6762,12.01,91,75,6.17,US,1699757249
131,fale old settlement,-9.3852,-171.2468,29.21,71,79,2.01,TK,1699757268
132,mormugao,15.4,73.8,25.59,61,20,4.12,IN,1699757269
133,hargeysa,9.56,44.065,18.77,86,99,5.4,SO,1699757270
134,samux,40.7647,46.4085,8.56,81,20,3.09,AZ,1699757271
135,abepura,-2.6333,140.5833,32.45,55,20,5.14,ID,1699757271
136,helena-west helena,34.5291,-90.59,8.95,52,86,3.44,US,1699757272
137,khairagarh,26.95,77.8167,20.47,55,0,2.35,IN,1699757272
138,kolonia,50.9333,6.95,5.97,91,20,1.54,DE,1699757227
139,sanandaj,35.3144,46.9923,4.01,81,98,0.0,IR,1699757274
140,vilyuchinsk,52.9306,158.4028,1.07,74,27,12.56,RU,1699757274
141,smithers,54.7804,-127.1743,1.18,100,75,0.0,CA,1699757275
142,kidal,18.4411,1.4078,23.89,11,0,4.23,ML,1699757275
143,coahuayana de hidalgo,18.7,-103.6583,25.73,89,91,0.97,MX,1699757276
144,rongelap,11.1635,166.8941,27.46,83,100,9.13,MH,1699757277
145,ts'q'alt'ubo,42.3413,42.5976,14.36,54,92,4.5,GE,1699757277
146,port alfred,-33.5906,26.891,15.66,80,51,1.79,ZA,1699757278
147,talnakh,69.4865,88.3972,-7.66,95,100,4.82,RU,1699757279
148,vadso,70.0744,29.7487,-3.91,80,100,5.66,NO,1699757279
149,mosjoen,65.836,13.1908,-0.71,59,16,3.09,NO,1699757280
150,san rafael del sur,11.8485,-86.4384,26.85,76,100,4.74,NI,1699757280
151,klaksvik,62.2266,-6.589,4.51,60,100,6.28,FO,1699757281
152,awjilah,29.1081,21.2869,18.81,51,0,2.2,LY,1699757282
153,batken,39.8333,71.0,1.16,47,1,2.27,KG,1699757282
154,ola,59.5833,151.2833,-13.7,69,100,3.61,RU,1699757283
155,stung treng,13.5259,105.9683,29.42,66,48,2.36,KH,1699757285
156,port augusta,-32.5,137.7667,27.27,25,52,9.28,AU,1699757286
157,narvik,68.4384,17.4272,-0.33,80,2,4.24,NO,1699757286
158,mezhdurechenskiy,59.6,65.9333,0.67,99,100,1.88,RU,1699757288
159,al jawf,29.5,38.75,21.24,32,100,5.23,SA,1699757288
160,zouerate,22.7187,-12.4521,22.26,24,19,3.43,MR,1699757290
161,kodiak,57.79,-152.4072,1.73,51,0,6.69,US,1699757291
162,santander,43.4647,-3.8044,17.48,95,20,2.24,ES,1699757291
163,los chavez,34.727,-106.7384,8.55,65,0,1.59,US,1699757292
164,georgetown,5.4112,100.3354,28.96,83,20,2.06,MY,1699757293
165,antofagasta,-23.65,-70.4,17.6,76,41,3.12,CL,1699757215
166,west bay,19.3667,-81.4167,28.89,87,20,3.6,KY,1699757294
167,wulingyuan,29.3494,110.5441,8.14,78,97,2.13,CN,1699757295
168,terrace,54.5163,-128.6035,3.95,93,75,6.17,CA,1699757296
169,verkhnevilyuysk,63.4453,120.3167,-9.72,89,98,4.0,RU,1699757297
170,turpan,42.9333,89.1667,9.57,25,0,0.49,CN,1699757297
171,santa maria huatulco,15.8436,-96.3267,24.46,81,4,2.03,MX,1699757299
172,tiksi,71.6872,128.8694,-12.71,88,100,5.41,RU,1699757300
173,singtam,27.2333,88.5,23.16,45,1,0.38,IN,1699757301
174,iskateley,67.6803,53.1512,-8.88,95,47,3.13,RU,1699757301
175,labrador city,52.9463,-66.9114,-6.05,79,100,5.66,CA,1699757114
176,petrov val,50.1434,45.2096,4.28,76,100,6.57,RU,1699757303
177,fortaleza,-3.7227,-38.5247,28.37,76,40,4.63,BR,1699757303
178,cadale,2.7603,46.3222,25.79,86,54,3.28,SO,1699757304
179,lu-uk,5.9684,121.3122,29.81,66,43,2.13,PH,1699757305
180,katsuren-haebaru,26.3369,127.8719,22.21,78,75,6.69,JP,1699757306
181,codrington,-38.2667,141.9667,16.46,50,17,8.76,AU,1699757307
182,pacocha,-17.5833,-71.3333,19.13,88,89,2.32,PE,1699757308
183,yellowknife,62.456,-114.3525,0.79,99,100,3.09,CA,1699757248
184,fort saskatchewan,53.7168,-113.2187,4.55,61,100,2.57,CA,1699757094
185,namibe,-15.1961,12.1522,20.51,80,46,1.44,AO,1699757310
186,qaqortoq,60.7167,-46.0333,-2.78,68,76,3.34,GL,1699757310
187,lubang,13.8584,120.124,29.07,74,87,8.31,PH,1699757311
188,raychikhinsk,49.7838,129.4121,-10.46,81,22,4.74,RU,1699757311
189,waxahachie,32.3865,-96.8483,16.13,71,100,1.54,US,1699757151
190,saint-pierre,-21.3393,55.4781,21.98,88,100,2.57,RE,1699757313
191,galesong,-5.3166,119.3661,33.01,57,100,2.67,ID,1699757313
192,bereket,39.2446,55.5154,10.68,58,100,5.89,TM,1699757314
193,bani walid,31.7566,13.9942,15.06,72,0,2.38,LY,1699757315
194,aasiaat,68.7098,-52.8699,-9.21,74,100,4.36,GL,1699757315
195,fort bragg,35.139,-79.006,11.92,76,100,1.79,US,1699757316
196,garoua boulai,5.8833,14.55,19.02,92,96,1.29,CM,1699757317
197,kandahar,31.0,65.75,12.43,39,2,1.04,AF,1699757318
198,boa vista,2.8197,-60.6733,29.99,62,0,2.06,BR,1699757318
199,olyokminsk,60.3736,120.4264,-6.44,75,100,5.25,RU,1699757319
200,enewetak,11.3474,162.3373,28.39,73,98,7.29,MH,1699757319
201,kapuskasing,49.4169,-82.4331,-1.95,100,100,2.57,CA,1699757320
202,brookings,44.3114,-96.7984,5.66,72,0,3.09,US,1699757321
203,medina de rioseco,41.8833,-5.0441,13.34,85,96,9.16,ES,1699757321
204,wanning,18.8003,110.3967,26.64,85,14,5.08,CN,1699757322
205,upplands vasby,59.5184,17.9113,5.68,96,100,5.66,SE,1699757323
206,kone,-21.0595,164.8658,26.14,51,93,4.7,NC,1699757323
207,tolanaro,-25.0319,46.9987,20.04,77,20,6.17,MG,1699757324
208,griffith,41.5284,-87.4237,8.27,82,0,1.54,US,1699757324
209,dam dam,22.6222,88.4169,23.98,78,0,2.57,IN,1699757325
210,nagqu,31.5,92.0,-4.15,17,63,3.29,CN,1699757326
211,selfoss,63.9331,-20.9971,3.91,73,100,3.65,IS,1699757326
212,mukalla,14.5425,49.1242,26.31,75,83,1.28,YE,1699757327
213,daltonganj,24.0333,84.0667,22.87,62,0,0.32,IN,1699757327
214,dongola,19.1667,30.4833,26.91,27,100,1.0,SD,1699757328
215,amriswil,47.547,9.2984,3.51,93,99,1.39,CH,1699757329
216,tura,25.5198,90.2201,24.09,64,0,0.59,IN,1699757329
217,kuhsan,34.6539,61.1978,8.53,69,59,3.7,AF,1699757330
218,bairnsdale,-37.8333,147.6167,21.14,51,0,1.79,AU,1699757331
219,cam ranh,11.9214,109.1591,27.98,78,75,2.06,VN,1699757331
220,santa ines,-3.6667,-45.38,25.14,72,2,2.29,BR,1699757332
221,bartlesville,36.7473,-95.9808,12.28,55,75,0.0,US,1699757135
222,abadeh,31.1608,52.6506,9.09,34,63,1.23,IR,1699757333
223,richards bay,-28.783,32.0377,21.49,78,100,6.29,ZA,1699757334
224,hithadhoo,-0.6,73.0833,27.19,82,90,4.74,MV,1699757334
225,dalandzadgad,43.5708,104.425,-1.67,20,74,3.02,MN,1699757335
226,pisco,-13.7,-76.2167,19.45,88,0,6.69,PE,1699757336
227,ceeldheer,3.8488,47.1806,25.02,88,46,2.61,SO,1699757336
228,gerdzhyush,37.5651,41.3916,5.35,53,93,2.61,TR,1699757337
229,konsoy,40.4915,69.7025,5.98,81,30,1.86,TJ,1699757337
230,swift current,50.2834,-107.8014,6.45,65,100,6.17,CA,1699757338
231,mount gambier,-37.8333,140.7667,16.73,47,11,5.56,AU,1699757339
232,sitka,57.0531,-135.33,4.94,81,75,3.6,US,1699757339
233,al kharijah,25.4514,30.5464,24.09,45,100,3.86,EG,1699757340
234,crane,31.3974,-102.3501,12.6,83,100,2.1,US,1699757341
235,jabat,7.75,168.9751,27.77,80,100,5.85,MH,1699757341
236,vorgashor,67.5833,63.95,-4.47,96,100,4.81,RU,1699757342
237,aleshtar,33.8633,48.2619,5.02,49,74,0.64,IR,1699757282
238,uturoa,-16.7333,-151.4333,27.38,79,10,3.3,PF,1699757344
239,severo-yeniseyskiy,60.3725,93.0408,-6.9,95,100,0.89,RU,1699757344
240,trondheim,63.4305,10.3951,2.05,72,3,1.34,NO,1699757345
241,sol'-iletsk,51.1631,54.9918,0.96,92,8,2.53,RU,1699757345
242,la passe,45.5549,-0.8967,16.13,85,99,11.36,FR,1699757346
243,hobyo,5.3505,48.5268,26.07,86,94,4.0,SO,1699757347
244,eydhafushi,5.1033,73.0708,28.26,73,97,2.45,MV,1699757347
245,sullivan,36.5168,-82.5332,9.66,71,75,0.0,US,1699757348
246,tadine,-21.55,167.8833,23.97,61,37,9.86,NC,1699757349
247,sitia,35.2,26.0986,20.66,77,63,3.35,GR,1699757349
248,kemin,42.7846,75.6892,2.74,76,75,0.55,KG,1699757350
249,ketchikan,55.3422,-131.6461,5.26,87,100,2.06,US,1699757334
250,formosa do rio preto,-11.0483,-45.1931,23.85,40,82,1.23,BR,1699757351
251,klyuchi,52.2667,79.1667,4.54,72,100,6.33,RU,1699757352
252,yarmouth,41.7057,-70.2286,6.65,65,0,8.05,US,1699757353
253,el bauga,18.262,33.9081,26.7,55,45,3.2,SD,1699757354
254,kalajoki,64.25,23.95,-3.91,83,73,5.69,FI,1699757354
255,ad dindar,13.2,34.1667,27.29,45,78,2.32,SD,1699757355
256,mount isa,-20.7333,139.5,35.87,28,0,2.57,AU,1699757356
257,mumford,5.2618,-0.759,26.09,86,7,4.01,GH,1699757356
258,jarocin,51.9727,17.5026,5.51,94,100,4.29,PL,1699757022
259,pella,59.7775,30.8181,6.03,93,100,2.75,RU,1699757358
260,port douglas,-16.4833,145.4667,26.21,65,25,6.35,AU,1699757358
261,gulf shores,30.246,-87.7008,19.47,82,100,2.06,US,1699757359
262,agadez,19.75,10.25,21.38,18,1,3.66,NE,1699757360
263,volokonovka,50.4827,37.8563,7.1,80,100,9.48,RU,1699757361
264,bengkulu,-3.8004,102.2655,27.6,75,26,2.69,ID,1699757361
265,kikwit,-5.041,18.8162,21.06,99,100,0.93,CD,1699757362
266,guerrero negro,27.9769,-114.0611,19.26,60,0,4.58,MX,1699757362
267,bocas del toro,9.3333,-82.25,24.01,93,100,4.47,PA,1699757363
268,usogorsk,63.4106,48.6872,0.37,96,100,1.38,RU,1699757364
269,luanco,43.6152,-5.7934,19.45,63,25,7.14,ES,1699757365
270,port moresby,-9.4431,147.1797,30.68,48,40,5.14,PG,1699757365
271,dourbali,11.8091,15.8632,23.81,54,35,2.31,TD,1699757366
272,luderitz,-26.6481,15.1594,15.93,59,0,9.06,NA,1699757366
273,burabay,53.0838,70.3138,3.26,94,100,1.43,KZ,1699757367
274,sarykemer,43.0,71.5,6.71,73,77,1.69,KZ,1699757368
275,joshimath,30.5667,79.5667,16.12,30,0,1.24,IN,1699757368
276,hadibu,12.65,54.0333,26.51,87,98,6.03,YE,1699757369
277,upington,-28.4478,21.2561,16.21,41,0,4.63,ZA,1699757370
278,broome,42.2506,-75.833,0.92,90,10,1.34,US,1699757370
279,bandarbeyla,9.4942,50.8122,26.54,86,76,6.78,SO,1699757371
280,kununurra,-15.7667,128.7333,31.99,55,0,2.06,AU,1699757371
281,pimentel,-6.8367,-79.9342,20.16,83,0,8.23,PE,1699757372
282,campo gallo,-26.5833,-62.85,28.92,52,4,2.93,AR,1699757373
283,broken hill,-31.95,141.4333,30.34,18,15,5.44,AU,1699757373
284,sabzevar,36.2126,57.6819,12.17,58,100,2.72,IR,1699757374
285,pitimbu,-7.4706,-34.8086,24.33,74,19,3.84,BR,1699757375
286,fort st. john,56.2499,-120.8529,2.94,70,75,5.66,CA,1699757376
287,mar del plata,-38.0023,-57.5575,17.83,80,0,3.13,AR,1699757126
288,caluula,11.9661,50.7569,27.37,81,90,5.52,SO,1699757377
289,bonthe,7.5264,-12.505,25.51,87,31,1.92,SL,1699757378
290,guayaramerin,-10.8368,-65.3614,27.43,61,61,0.57,BO,1699757378
291,kaoma,-14.7833,24.8,18.37,49,63,1.73,ZM,1699757379
292,bentong town,3.5167,101.9,30.56,67,100,1.05,MY,1699757379
293,rikaze,29.25,88.8833,3.06,40,20,0.91,CN,1699757380
294,tekeli,44.83,78.8239,3.1,84,99,1.4,KZ,1699757381
295,san antonio de pale,-1.4014,5.6325,26.02,85,100,4.51,GQ,1699757381
296,inari,68.906,27.0288,-10.89,99,100,1.03,FI,1699757382
297,pa daet,19.5049,99.9924,27.97,70,81,0.56,TH,1699757382
298,seven pagodas,12.6264,80.1722,27.81,68,100,5.23,IN,1699757383
299,inderbor,48.55,51.7833,3.57,69,49,2.42,KZ,1699757384
300,rapar,23.5667,70.6333,24.49,42,1,4.2,IN,1699757384
301,vylkove,45.4021,29.586,9.18,73,4,11.25,UA,1699757385
302,kanganpur,30.7663,74.1231,19.27,47,2,1.19,PK,1699757386
303,columbus,39.9612,-82.9988,4.5,77,0,2.57,US,1699756914
304,byron bay,-28.65,153.6167,29.28,59,5,6.88,AU,1699757387
305,chonchi,-42.6128,-73.8092,4.56,87,18,1.81,CL,1699757211
306,sur,22.5667,59.5289,25.95,51,100,3.75,OM,1699757388
307,troy,42.6056,-83.1499,4.26,74,100,1.54,US,1699757176
308,cabo san lucas,22.8909,-109.9124,27.64,66,1,0.45,MX,1699757265
309,zhezqazghan,47.7833,67.7667,2.32,93,75,7.0,KZ,1699757390
310,paraiso,9.8383,-83.8656,19.48,99,100,1.18,CR,1699757391
311,margate,51.3813,1.3862,10.5,76,100,0.89,GB,1699757391
312,merizo village,13.2658,144.6691,30.55,86,15,8.29,GU,1699757392
313,dzuunharaa,48.8523,106.4579,-7.67,63,1,1.17,MN,1699757393
314,gaborone,-24.6545,25.9086,19.95,56,0,3.6,BW,1699757393
315,kabalo,-6.05,26.9167,21.35,97,100,1.51,CD,1699757394
316,alva,56.1528,-3.8051,3.52,94,8,1.36,GB,1699757394
317,tomatlan,19.9333,-105.25,24.73,92,100,1.31,MX,1699757395
318,howard springs,-12.497,131.047,33.82,52,11,2.84,AU,1699757396
319,melekeok village,7.4957,134.6367,27.31,94,100,0.0,PW,1699757396
320,mambajao,9.2504,124.7156,28.93,73,10,2.93,PH,1699757397
321,umluj,25.0213,37.2685,27.85,55,100,3.77,SA,1699757398
322,inhambane,-23.865,35.3833,20.8,84,21,3.75,MZ,1699757398
323,deqen,29.9618,90.7188,-0.04,71,82,2.17,CN,1699757399
324,madan,41.5,24.95,5.1,69,100,2.52,BG,1699757400
325,yerofey pavlovich,53.9667,121.9667,-6.53,47,100,2.11,RU,1699757400
326,santa elena de uairen,4.6167,-61.1333,20.91,82,43,1.4,VE,1699757401
327,manicore,-5.8092,-61.3003,26.41,76,99,1.01,BR,1699757402
328,esfarayen,37.0765,57.5101,3.81,66,100,1.12,IR,1699757403
329,petropavlovsk-kamchatsky,53.0452,158.6483,0.25,98,75,5.0,RU,1699757404
330,ta`u,-14.2336,-169.5144,27.96,79,89,3.7,AS,1699757405
331,odugattur,12.7667,78.9,23.54,80,99,1.22,IN,1699757405
332,pandan,14.0453,124.1694,29.47,72,91,4.03,PH,1699757406
333,shumikha,55.2261,63.2961,1.44,96,56,2.93,RU,1699757407
334,nouadhibou,20.931,-17.0347,22.08,58,33,4.14,MR,1699757408
335,touros,-5.1989,-35.4608,25.21,72,0,5.6,BR,1699757408
336,doka,13.5167,35.7667,23.99,54,97,2.61,SD,1699757409
337,pemangkat,1.1667,108.9667,29.73,66,85,1.34,ID,1699757410
338,sakaiminato,35.55,133.2333,12.99,76,75,7.72,JP,1699757410
339,kem',64.9555,34.5793,-1.95,83,52,4.23,RU,1699757411
340,luganville,-15.5333,167.1667,26.33,76,90,7.46,VU,1699757412
341,alekseyevskoye,55.3071,50.1135,3.27,81,99,3.15,RU,1699757412
342,east london,-33.0153,27.9116,17.58,67,0,7.92,ZA,1699757413
343,egilsstadir,65.2653,-14.3948,-8.05,86,0,2.57,IS,1699757414
344,houghton,47.1219,-88.569,3.71,88,100,3.09,US,1699757414
345,polla,40.5171,15.498,12.21,93,100,2.39,IT,1699757415
346,floro,61.5996,5.0328,5.54,65,8,3.6,NO,1699757416
347,san patricio,28.017,-97.5169,16.58,91,100,1.93,US,1699757417
348,ingeniero jacobacci,-41.3427,-69.5448,1.99,49,2,14.08,AR,1699757417
349,kinkala,-4.3614,14.7644,21.12,98,100,0.52,CG,1699757418
350,barra de santo antonio,-9.4047,-35.5072,22.6,73,1,2.15,BR,1699757419
351,neftcala,39.3742,49.2472,14.25,73,89,2.55,AZ,1699757420
352,qamdo,31.1667,97.2333,-0.06,44,99,0.75,CN,1699757421
353,kenora,49.8167,-94.4337,-1.46,86,100,5.14,CA,1699757421
354,ulety,51.3572,112.4849,-6.25,66,23,2.93,RU,1699757422
355,swakopmund,-22.6833,14.5333,16.47,86,84,2.31,NA,1699757423
356,buenavista del norte,28.3746,-16.861,24.72,75,38,6.51,ES,1699757424
357,serhiyivka,46.0272,30.3768,10.88,74,12,13.21,UA,1699757425
358,castillos,-34.1667,-53.8333,15.21,84,0,2.31,UY,1699757426
359,veselynove,47.3567,31.2349,11.37,79,80,7.69,UA,1699757427
360,gus'-khrustal'nyy,55.6111,40.6519,3.38,88,100,4.47,RU,1699757428
361,howrah,22.5892,88.3103,24.0,78,0,2.57,IN,1699757429
362,porto murtinho,-21.6989,-57.8825,36.2,27,29,4.45,BR,1699757429
363,natal,-5.795,-35.2094,25.36,88,40,2.57,BR,1699757149
364,ust-nera,64.5667,143.2,-27.31,94,85,1.13,RU,1699757431
365,kavaratti,10.5669,72.642,27.37,81,100,5.13,IN,1699757432
366,kudahuvadhoo,2.6708,72.8944,27.95,77,54,3.7,MV,1699757433
367,san pedro pochutla,15.7333,-96.4667,24.31,88,1,1.76,MX,1699757178
368,zharkent,44.1628,80.0,7.97,55,100,4.73,KZ,1699757434
369,agrestina,-8.4581,-35.9447,18.65,93,5,1.06,BR,1699757435
370,nizhnesortymskiy,62.4397,71.7603,-0.02,99,100,4.14,RU,1699757436
371,cortez,37.3489,-108.5859,2.24,51,0,4.63,US,1699757287
372,sosnovka,56.255,51.2842,0.14,74,96,1.86,RU,1699757437
373,keflavik,64.0049,-22.5624,4.24,75,75,7.72,IS,1699757438
374,glace bay,46.1969,-59.957,3.31,85,75,4.92,CA,1699757402
375,gisborne,-38.6533,178.0042,18.15,60,0,4.2,NZ,1699757439
376,naro moru,-0.1676,37.0213,14.54,96,98,0.38,KE,1699757440
377,tralee,52.2704,-9.7026,9.13,94,100,3.65,IE,1699757440
378,scarborough,54.2797,-0.4044,5.37,91,41,1.2,GB,1699756891
379,barberton,-25.7884,31.0532,22.03,63,5,1.69,ZA,1699757442
380,bamboo flat,11.7,92.7167,31.05,74,40,3.09,IN,1699757442
381,kamianka,49.0318,32.104,10.59,88,100,7.89,UA,1699757443
382,susuman,62.7833,148.1667,-27.37,96,77,0.8,RU,1699757443
383,anshun,26.25,105.9333,9.55,89,100,4.38,CN,1699757444
384,bel ombre,-4.6167,55.4167,26.91,83,20,2.06,SC,1699757445
385,cockburn town,21.4612,-71.1419,28.29,75,37,10.47,TC,1699757445
386,veranopolis,-28.9361,-51.5494,20.29,99,100,1.69,BR,1699757446
387,helsinge,56.0228,12.1975,6.49,94,43,3.62,DK,1699757447
388,goundi,9.3627,17.366,23.25,87,95,1.58,TD,1699757447
389,liberty,31.8335,-81.5004,13.32,87,100,3.09,US,1699757448
390,vila franca do campo,37.7167,-25.4333,19.93,99,97,4.76,PT,1699757448
391,east end,34.5507,-92.341,11.1,69,14,2.68,US,1699757449
392,yaren,-0.5472,166.916,28.19,83,100,12.9,NR,1699757449
393,kapa'a,22.0752,-159.319,27.99,77,20,6.17,US,1699757452
394,quellon,-43.1167,-73.6167,4.79,76,56,4.59,CL,1699757452
395,nykarleby,63.5228,22.5307,-2.27,74,91,5.18,FI,1699757453
396,alesund,62.4723,6.1549,4.08,69,7,4.12,NO,1699757265
397,burg bei magdeburg,52.2715,11.8549,7.28,89,99,3.32,DE,1699757455
398,fukuecho,32.6881,128.8419,12.2,62,75,7.2,JP,1699757455
399,san julian,21.0167,-102.1667,16.74,74,100,2.99,MX,1699757456
400,carnarvon,-24.8667,113.6333,23.35,66,87,6.13,AU,1699757456
401,lusambo,-4.9667,23.45,21.34,99,100,0.57,CD,1699757457
402,ishigaki,24.3448,124.1572,22.07,100,75,10.8,JP,1699757458
403,karratha,-20.7377,116.8463,29.4,38,0,5.92,AU,1699757458
404,mandiana,10.6333,-8.6833,24.69,46,92,0.48,GN,1699757459
405,ihosy,-22.4,46.1167,16.05,78,18,3.78,MG,1699757459
406,remire-montjoly,4.9167,-52.2667,26.68,83,2,4.91,GF,1699757460
407,ketzin,52.4667,12.85,6.74,90,100,2.58,DE,1699757461
408,chhoti sadri,24.3833,74.7,19.61,39,33,2.55,IN,1699757461
409,tlahualilo de zaragoza,26.1167,-103.45,18.06,66,96,3.75,MX,1699757462
410,santa cruz,-17.8,-63.1667,29.7,58,6,4.12,BO,1699757463
411,canasgordas,6.7499,-76.0254,18.4,99,100,0.87,CO,1699757463
412,victoria point,-27.5833,153.3,29.48,52,8,4.81,AU,1699757464
413,kilindoni,-7.9139,39.6668,26.71,85,88,6.27,TZ,1699757465
414,kanniyakumari,8.0833,77.5667,26.48,78,100,8.52,IN,1699757465
415,tazovsky,67.4667,78.7,-0.86,98,100,5.27,RU,1699757466
416,santa ana,33.7456,-117.8678,22.29,43,0,2.06,US,1699757047
417,sangmelima,2.9333,11.9833,20.3,98,100,1.13,CM,1699757467
418,brejo,-3.6844,-42.7503,23.74,88,4,2.42,BR,1699757468
419,novyye burasy,52.1324,46.0714,4.81,88,100,4.78,RU,1699757469
420,clarence town,-32.5833,151.7833,35.34,26,9,5.34,AU,1699757469
421,johvi,59.3592,27.4211,5.29,94,100,4.42,EE,1699757470
422,hartsville,34.374,-80.0734,12.16,94,100,3.6,US,1699757471
423,zarqa,32.0728,36.088,18.95,52,100,1.54,JO,1699757472
424,sao vicente,-23.9631,-46.3919,34.1,26,100,0.45,BR,1699757473
425,chibougamau,49.9168,-74.3659,-4.21,100,100,2.06,CA,1699757473
426,chui,-33.6971,-53.4616,15.96,81,0,2.85,UY,1699757474
427,bria,6.5423,21.9863,19.37,91,100,0.7,CF,1699757475
428,wamba,8.9333,8.6,23.68,52,38,1.16,NG,1699757476
429,waingapu,-9.6567,120.2641,31.09,61,100,4.3,ID,1699757477
430,saint-leu,-21.15,55.2833,21.98,76,3,6.05,RE,1699757478
431,magadan,59.5667,150.8,-14.64,73,100,2.99,RU,1699757479
432,san-pedro,4.7485,-6.6363,24.63,91,42,1.6,CI,1699757479
433,nemuro,43.3236,145.575,5.58,43,0,6.54,JP,1699757480
434,turuntayevo,52.2,107.6167,-8.95,68,15,1.53,RU,1699757481
435,akrehamn,59.2667,5.1833,4.12,80,20,3.6,NO,1699757482
436,miracema do tocantins,-9.5618,-48.3967,26.48,54,86,1.69,BR,1699757483
437,anchorage,61.2181,-149.9003,-3.04,92,0,0.0,US,1699757483
438,san borja,-14.8167,-66.85,29.07,47,45,1.45,BO,1699757484
439,qui nhon,13.7667,109.2333,27.07,84,100,5.13,VN,1699757485
440,kimbe,-5.5502,150.1429,32.79,46,8,3.89,PG,1699757486
441,veliki preslav,43.1667,26.8167,8.99,55,0,7.42,BG,1699757486
442,acarau,-2.8856,-40.12,25.51,79,0,5.27,BR,1699757487
443,fuyu,45.1833,124.8167,-7.19,75,3,2.7,CN,1699757488
444,nova olinda do norte,-3.8881,-59.0942,28.58,59,78,0.6,BR,1699757489
445,iquique,-20.2208,-70.1431,19.02,77,57,1.17,CL,1699757039
446,ammon,43.4696,-111.9666,8.28,52,0,8.23,US,1699757490
447,saint-philippe,-21.3585,55.7679,22.28,83,35,5.06,RE,1699757490
448,popondetta,-8.7537,148.2534,31.41,49,100,3.92,PG,1699757491
449,horta,38.5333,-28.6333,19.45,94,100,9.39,PT,1699757492
450,gobabis,-22.45,18.9667,23.93,34,100,0.62,NA,1699757492
451,guarapari,-20.6667,-40.4975,24.94,84,1,4.81,BR,1699757483
452,as suwayq,23.8494,57.4386,25.83,52,95,1.36,OM,1699757494
453,udachny,66.4167,112.4,-10.86,85,14,8.09,RU,1699757494
454,ndele,8.4109,20.6473,21.97,90,92,1.43,CF,1699757495
455,luba,3.4568,8.5547,23.94,80,96,1.68,GQ,1699757496
456,pedernales,18.0384,-71.744,27.37,66,14,2.78,DO,1699757496
457,malvan,16.0667,73.4667,27.28,58,28,3.12,IN,1699757497
458,santa cruz del sur,20.7147,-77.9956,25.32,85,43,6.97,CU,1699757498
459,tocopilla,-22.092,-70.1979,18.93,74,21,2.09,CL,1699756914
460,acajutla,13.5928,-89.8275,27.02,79,41,1.76,SV,1699757499
461,hammerfest,70.6634,23.6821,-2.75,80,46,1.03,NO,1699757501
462,pucon,-39.2822,-71.9543,2.15,92,76,1.01,CL,1699757501
463,kerikeri,-35.2268,173.9474,18.64,56,20,3.14,NZ,1699757502
464,gaigeturi,33.4644,126.3183,11.03,58,75,3.6,KR,1699757502
465,martuk,50.7475,56.5056,3.31,87,92,4.21,KZ,1699757503
466,old town,50.087,14.4202,5.26,88,0,6.17,CZ,1699757504
467,man,7.4125,-7.5538,21.65,99,37,0.61,CI,1699757504
468,el bolson,-41.9667,-71.5167,-0.35,98,77,2.91,AR,1699757505
469,humaita,-7.5061,-63.0208,28.43,59,68,0.99,BR,1699757482
470,tual,-5.6667,132.75,27.88,76,14,4.39,ID,1699757506
471,urangan,-25.3,152.9,24.43,58,58,4.77,AU,1699757507
472,mejit,10.2753,170.8646,27.32,84,100,9.01,MH,1699757507
473,beberibe,-4.1797,-38.1306,26.01,72,53,5.82,BR,1699757508
474,bakanas,44.8081,76.2772,8.3,79,100,3.93,KZ,1699757509
475,sungai penuh,-2.0833,101.3833,26.04,65,22,1.03,ID,1699757509
476,happy valley-goose bay,53.3168,-60.3315,-3.83,63,100,3.6,CA,1699757510
477,yelizovo,53.1873,158.3805,1.0,79,75,5.0,RU,1699757510
478,gaalkacyo,6.7697,47.4308,24.26,85,91,2.49,SO,1699757511
479,libenge,3.65,18.6333,21.62,99,99,1.02,CD,1699757512
480,ulladulla,-35.35,150.4667,34.87,57,73,3.79,AU,1699757395
481,bubaque,11.2833,-15.8333,28.44,62,77,2.68,GW,1699757513
482,taulaga,-11.0553,-171.0883,29.02,70,78,2.09,AS,1699757513
483,polyarnyy,69.1989,33.4478,-7.58,97,93,2.44,RU,1699757514
484,usevia,-7.1,31.2333,22.84,77,90,1.58,TZ,1699757515
485,namie,37.4833,141.0,7.53,88,100,0.91,JP,1699757515
486,tongliao,43.6125,122.2653,-5.95,72,12,4.36,CN,1699757516
487,olecko,54.0337,22.507,5.3,93,100,2.87,PL,1699757516
488,aykhal,66.0,111.5,-14.57,91,41,4.86,RU,1699757517
489,el granada,37.5027,-122.4694,17.94,69,0,5.66,US,1699757518
490,ceres,37.5949,-120.9577,16.14,64,0,0.0,US,1699757518
491,sovet,38.0467,69.5882,8.01,36,1,2.02,TJ,1699757519
492,nova sintra,14.8667,-24.7167,22.63,70,51,1.8,CV,1699757520
493,north tamworth,-31.0778,150.9261,30.06,35,6,5.14,AU,1699757520
494,freeport,40.6576,-73.5832,8.34,64,0,5.66,US,1699757521
495,lazaro cardenas,17.9583,-102.2,26.64,83,13,1.23,MX,1699757522
496,la baneza,42.3003,-5.8977,14.27,85,53,2.77,ES,1699757522
497,beni saf,35.301,-1.3823,12.16,79,59,3.52,DZ,1699757523
498,al ghayzah,16.2079,52.176,27.17,69,100,2.36,YE,1699757524
499,lichtenburg,-26.152,26.1597,19.75,42,80,0.54,ZA,1699757525
500,seabra,-12.4186,-41.7703,19.53,53,24,1.58,BR,1699757342
501,kanchanaburi,14.6333,99.1,28.43,69,100,1.39,TH,1699757526
502,jiaxing,30.7522,120.75,10.13,78,100,5.34,CN,1699757526
503,longavi,-35.9667,-71.6833,8.46,92,100,2.71,CL,1699757527
504,khash,28.2211,61.2158,12.32,29,94,1.88,IR,1699757528
505,san benito abad,8.929,-75.0271,25.75,94,100,2.23,CO,1699757528
506,flying fish cove,-10.4217,105.6791,27.82,74,75,6.69,CX,1699757529
507,mamuju,-2.6748,118.8885,30.82,65,42,2.01,ID,1699757529
508,lompoc,34.6391,-120.4579,15.08,72,0,0.0,US,1699757530
509,icano,-28.9193,-65.3282,24.32,66,0,2.4,AR,1699757531
510,la paz,-16.5,-68.15,11.43,68,75,1.03,BO,1699757377
511,sibut,5.718,19.0739,20.67,97,94,0.6,CF,1699757532
512,dalbandin,28.8947,64.4101,16.26,20,30,2.37,PK,1699757532
513,ironwood,46.4547,-90.171,0.45,86,100,3.09,US,1699757534
514,colonel hill,22.7667,-74.2167,27.67,75,86,9.9,BS,1699757534
515,kita,13.0349,-9.4895,23.31,29,43,1.65,ML,1699757535
516,port lincoln,-34.7333,135.8667,16.0,56,100,8.02,AU,1699757536
517,bikenibeu village,1.3673,173.1241,27.98,89,100,3.6,KI,1699757536
518,sola,-13.8833,167.55,26.24,80,100,12.13,VU,1699757537
519,melfort,52.8667,-104.6177,2.07,75,100,9.77,CA,1699757439
520,catumbela,-12.4314,13.5472,24.53,86,99,1.61,AO,1699757538
521,rabo de peixe,37.8,-25.5833,19.43,99,75,3.58,PT,1699757539
522,auki,-8.7676,160.7034,27.63,82,100,5.02,SB,1699757540
523,onega,63.9061,38.1404,-1.43,85,64,3.16,RU,1699757540
524,fort mcmurray,56.7268,-111.381,-2.23,93,75,1.03,CA,1699757514
525,rondonopolis,-16.4708,-54.6356,29.18,39,53,1.78,BR,1699757264
526,kingsland,30.8,-81.6898,18.29,96,100,3.84,US,1699757542
527,muravlenko,63.7898,74.523,-0.32,98,100,6.85,RU,1699757543
528,bardsir,29.9227,56.5743,10.13,29,100,0.77,IR,1699757544
529,cozumel,20.5083,-86.9458,27.75,95,96,2.24,MX,1699757400
530,oranjemund,-28.55,16.4333,13.74,92,3,5.1,NA,1699757545
531,midoun,33.8081,10.9923,17.92,70,9,4.53,TN,1699757546
532,bratsk,56.1325,101.6142,-10.73,61,6,2.02,RU,1699757547
533,onguday,50.75,86.15,-2.75,87,100,1.64,RU,1699757547
534,hami,42.8,93.45,4.23,24,45,4.08,CN,1699757548
535,tyukhtet,56.5389,89.3011,-0.99,95,100,2.09,RU,1699757548
536,vychegodskiy,61.247,46.8984,0.01,90,100,1.6,RU,1699757549
537,ploneour-lanvern,47.9,-4.2833,14.18,82,75,9.26,FR,1699757550
538,bertoua,4.5833,13.6833,20.37,97,99,0.4,CM,1699757550
539,key biscayne,25.6937,-80.1628,27.01,85,67,0.89,US,1699757551
540,chinju,35.1928,128.0847,6.9,41,12,4.28,KR,1699757552
541,wormhout,50.8833,2.4667,7.25,68,100,2.95,FR,1699757553
542,nar'yan-mar,67.6713,53.087,-8.83,95,46,3.13,RU,1699757553
543,mersin,36.862,34.6509,20.5,49,98,2.42,TR,1699757554
544,kosterevo,55.9299,39.6144,4.17,88,100,4.15,RU,1699757554
545,asipovichy,53.2933,28.6422,4.89,95,100,2.72,BY,1699757555
546,plettenberg bay,-34.0527,23.3716,14.83,82,62,4.3,ZA,1699757556
547,turtas,58.9417,69.1325,-0.16,99,100,1.46,RU,1699757557
548,chernyshevsk,52.5243,117.0174,-8.83,58,8,1.83,RU,1699757558
549,nkhata bay,-11.6066,34.2907,23.56,78,43,1.18,MW,1699757558
550,tacuarembo,-31.7333,-55.9833,19.92,81,35,3.56,UY,1699757559
551,robertsport,6.7533,-11.3686,25.9,83,68,1.11,LR,1699757560
552,jimenez,28.3333,-105.4,14.87,69,10,4.12,MX,1699757560
553,ghat,24.9647,10.1728,18.44,23,0,2.34,LY,1699757561
554,nantong,32.0303,120.8747,9.99,63,85,6.79,CN,1699757387
555,waddan,29.1614,16.139,17.82,49,0,1.96,LY,1699757562
556,banda aceh,5.5577,95.3222,28.56,72,99,1.24,ID,1699757563
557,weno,7.4515,151.8468,30.97,84,75,0.0,FM,1699757563
558,olonets,60.9847,32.9698,5.33,94,100,3.81,RU,1699757564
559,copan,14.8333,-89.15,21.85,98,82,1.15,HN,1699757564
560,sucre,-19.0333,-65.2627,18.19,60,69,3.2,BO,1699757565
561,lorengau,-2.0226,147.2712,28.76,72,29,3.15,PG,1699757566
562,rio branco,-9.9747,-67.81,28.34,78,33,1.03,BR,1699757430
563,altamira,-3.2033,-52.2064,23.82,88,74,0.97,BR,1699757567
564,elverum,60.8819,11.5623,-2.56,96,100,2.97,NO,1699757568
565,magdalena de kino,30.6333,-110.95,16.54,31,0,2.39,MX,1699757569
566,dhromolaxia,34.8755,33.5868,18.81,88,0,3.6,CY,1699757569
567,kaka,37.3482,59.6143,10.13,71,57,3.12,TM,1699757570
568,armacao de buzios,-22.7469,-41.8817,25.03,90,8,7.52,BR,1699757570
569,sinop,41.7711,34.8709,17.02,55,85,6.75,TR,1699757571
570,tsiombe,-25.3,45.4833,19.36,72,0,3.14,MG,1699757572
571,mardan,34.2019,72.0525,16.91,54,24,1.21,PK,1699757572
572,khovd,48.0056,91.6419,-5.4,91,88,0.44,MN,1699757573
573,cassilandia,-19.1133,-51.7342,26.3,28,31,2.01,BR,1699757573
574,cambria,35.5641,-121.0808,18.41,60,1,2.34,US,1699757574
575,saacow,1.6279,42.4407,24.97,88,80,3.97,SO,1699757575
576,sepolno krajenskie,53.452,17.5317,3.75,91,60,1.98,PL,1699757576
577,sarangani,5.4033,125.4636,28.64,72,58,2.94,PH,1699757576
578,salym,60.0625,71.4789,0.22,99,100,2.19,RU,1699757578
